TDSFU Daily run: Mon Oct 27 17:58:09 UTC 2025 TDSFU
TDSFU Daily run: Tue Oct 28 04:35:26 UTC 2025 TDSFU
TDSFU Daily run: Wed Oct 29 04:41:04 UTC 2025 TDSFU
TDSFU Daily run: Thu Oct 30 04:34:51 UTC 2025 TDSFU
TDSFU Daily run: Fri Oct 31 04:37:17 UTC 2025 TDSFU
TDSFU Daily run: Sat Nov  1 04:33:03 UTC 2025 TDSFU
TDSFU Daily run: Sun Nov  2 04:35:50 UTC 2025 TDSFU
TDSFU Daily run: Mon Nov  3 04:41:50 UTC 2025 TDSFU
TDSFU Daily run: Tue Nov  4 04:35:28 UTC 2025 TDSFU
TDSFU Daily run: Wed Nov  5 04:35:53 UTC 2025 TDSFU
